{
    "N": 24,
    "arm0": [
        0.1463870855518108,
        0.38496796479709117,
        0.7032124536390505,
        1.3975807902956017,
        1.7140922710029598,
        1.903845704779894,
        2.3184583203969003,
        2.4999999998106
    ],
    "arm120": [
        0.10201433386288095,
        0.2637378999421336,
        0.6665200417683548,
        0.8760405639877944,
        1.3214749496146463,
        2.132477759042603,
        2.3389198137574883,
        2.4999999982674406
    ],
    "arm240": [
        0.11926743226455949,
        0.3581095525301099,
        0.5407704294168127,
        0.9236474739590759,
        1.6395211346833873,
        1.969894897149279,
        2.28101916780263,
        2.4999999999912954
    ],
    "condition_number": 3.72872161209666,
    "fov_degrees": 160.0,
    "frequency": 1575420000.0,
    "npix": 5056,
    "penalty": 1.4509282761693205,
    "radius": 2.5,
    "radius_min": 0.1,
    "res_arcmin": 180.0,
    "spacing": 0.15,
    "x_opt": [
        6.655544352647902,
        0.3299433257550605,
        1.7180006467360571,
        -0.16861014336269853,
        0.6931918972809944,
        1.914240108256821,
        2.421774178380599,
        1.398086603881463,
        0.6544096350158729,
        0.1474184252362257,
        2.4573647352420536,
        0.8719287935948667,
        2.16715090936595,
        1.3215831146359782,
        6.212845636312802,
        -0.8184739217656268,
        1.9845249686529758,
        2.362481591959025,
        1.6421572726630695,
        0.5173914102761483,
        0.9204428437629083,
        0.2937658719613918,
        -0.3582544455244476,
        7.271541042527426
    ]
}
