{
    "N": 24,
    "arm0": [
        0.09999996594461091,
        0.6539100176303296,
        1.091383180962606,
        1.2638874544996328,
        1.4559918319083756,
        1.6077680990354346,
        1.9189677402447693,
        2.4999999999521547
    ],
    "arm120": [
        0.11520654273993047,
        0.2989389859957008,
        0.487646863175061,
        0.7643716500440543,
        1.1641124161402974,
        1.3981512508229443,
        2.1745746762262477,
        2.4999998616546577
    ],
    "arm240": [
        0.13763451468051224,
        0.33052767826628315,
        1.0884942450229385,
        1.407125294466483,
        1.8624943328157229,
        2.1022019226881676,
        2.3270682894343997,
        2.4985782418491547
    ],
    "condition_number": 4.486984336339765,
    "fov_degrees": 160.0,
    "frequency": 1575420000.0,
    "npix": 5056,
    "penalty": 1.1221733862682761,
    "radius": 2.5,
    "res_arcmin": 180.0,
    "spacing": 0.15,
    "x_opt": [
        1.2637082298712143,
        1.9302055622662049,
        0.6409826463609958,
        6.930721216318024,
        1.456850024586124,
        -2.3056197358045774,
        1.0901472907455154,
        1.6099861317230888,
        1.3986602485397848,
        5.336814907569119,
        0.20658914312580612,
        -0.4076487643016173,
        2.2183236181553205,
        1.16338470591556,
        0.4565696883406113,
        0.7570564007487314,
        1.4076849476911864,
        0.25463164548642564,
        2.131623706871507,
        2.43642464877587,
        1.8708957283914214,
        1.0872352315714977,
        -0.21495826686059813,
        3.4885733163124617
    ]
}
