{
    "N": 24,
    "arm0": [
        0.09999877847177085,
        0.7351936870991627,
        1.0780200189574256,
        1.2363312855868938,
        1.4805080407778646,
        1.621599326019279,
        1.8260542172257184,
        2.499999999112295
    ],
    "arm120": [
        0.1073548319718749,
        0.3037513152515414,
        0.5410970850424133,
        0.7078026961471917,
        1.099525713101736,
        1.4242359432381444,
        2.252962142064763,
        2.49999873831746
    ],
    "arm240": [
        0.18979749884513009,
        0.3736419274073981,
        1.0542116564686874,
        1.3697379589943106,
        1.8706243289494218,
        2.110428813545057,
        2.2818760716007027,
        2.4999806389091686
    ],
    "condition_number": 5.305421212307465,
    "fov_degrees": 160.0,
    "frequency": 1575420000.0,
    "npix": 5056,
    "penalty": 1.2564799458806053,
    "radius": 2.5,
    "res_arcmin": 180.0,
    "spacing": 0.15,
    "x_opt": [
        1.2360106837727074,
        1.8330206265197544,
        0.726694325930761,
        6.346588720820329,
        1.4815343259012053,
        -3.324902935400081,
        1.076674900744111,
        1.623991863757787,
        1.4248954114104024,
        4.894724662328675,
        0.21417283305486032,
        -0.5568679801963458,
        2.3216769655253007,
        1.098353606385425,
        0.5177585754094051,
        0.6980163702948241,
        1.3700928954462328,
        0.3148916570681105,
        2.1411867736792485,
        2.3637707463881243,
        1.879384442609887,
        1.0526565067168325,
        -0.013570875368044476,
        4.348551763392219
    ]
}
