{
    "N": 24,
    "arm0": [
        0.18864182325809642,
        0.79436172835443,
        1.1224663504421213,
        1.2704746387331722,
        1.493127072473723,
        1.6179516862749335,
        1.7735060234422335,
        1.9995683907352004
    ],
    "arm120": [
        0.15448511177499102,
        0.33748080856628837,
        0.5347187887887501,
        0.6906245763055094,
        1.059083438807063,
        1.3536208545654533,
        1.9344323527338823,
        1.9881959395207978
    ],
    "arm240": [
        0.2849153552972943,
        0.47205780854620194,
        1.1064383859309581,
        1.4013186911715882,
        1.7917905695140286,
        1.91214141824523,
        1.964950807629042,
        1.9963151300065203
    ],
    "condition_number": 7.3070500969794905,
    "fov_degrees": 160.0,
    "frequency": 1575420000.0,
    "npix": 5056,
    "penalty": 1.3514049092758729,
    "radius": 2.5,
    "res_arcmin": 180.0,
    "spacing": 0.15,
    "x_opt": [
        1.2751938645932432,
        1.8512658745527768,
        0.7885490461744802,
        3.2274945134573216,
        1.509480047815377,
        -0.01672239208628589,
        1.1237748794980045,
        1.6499097421738818,
        1.3613129611357884,
        2.560042789322359,
        0.2647792849907375,
        -0.13213491210061987,
        2.189362514725755,
        1.059257135330603,
        0.5107120067595475,
        0.6802100966300475,
        1.4113179185180385,
        0.43833941440443486,
        2.1189746512959173,
        2.330529634727535,
        1.8788711371266062,
        1.1074520300364714,
        0.18391001003893698,
        2.7969708821202772
    ]
}