{
    "N": 24,
    "arm0": [
        0.13110702265755902,
        0.3608532715680419,
        0.6890952470311891,
        1.405313049246629,
        1.7213733878040232,
        1.900075318176072,
        2.336848487360621,
        2.499999998060518
    ],
    "arm120": [
        0.11056884496659203,
        0.25710199889996765,
        0.6583298591788274,
        0.87299549108056,
        1.3317680383940258,
        2.1464254732813868,
        2.3527811303016954,
        2.499999236620705
    ],
    "arm240": [
        0.1011605303728893,
        0.35151580393044535,
        0.5186275491485077,
        0.919760517253392,
        1.654445057984008,
        1.9957699159468176,
        2.2953557097982284,
        2.4999999999911586
    ],
    "condition_number": 2.732922487603638,
    "fov_degrees": 160.0,
    "frequency": 1575420000.0,
    "npix": 5056,
    "penalty": 1.2828385731741612,
    "radius": 2.5,
    "radius_min": 0.1,
    "res_arcmin": 180.0,
    "spacing": 0.15,
    "x_opt": [
        6.190281384728913,
        0.29754121640464865,
        1.7254327068034854,
        -0.2564117224447191,
        0.6783179921725323,
        1.9102696562957928,
        2.453635237081237,
        1.4058623849172145,
        0.645695080870097,
        0.13538723381528606,
        2.4831735474875836,
        0.8688181239089058,
        2.183853135993054,
        1.3319278210989458,
        4.9952141996325325,
        -0.4827485085960265,
        2.0125119954691617,
        2.3844345089049352,
        1.6573004574002532,
        0.49232091421462426,
        0.9164894945952917,
        0.2846113843887157,
        -0.9290939929199004,
        7.268425086923612
    ]
}
