{
    "N": 24,
    "arm0": [
        0.0999997735906728,
        0.6485427161716071,
        1.086971924122454,
        1.254980343559092,
        1.4491271283829417,
        1.6010809654307874,
        1.909861192681648,
        2.4999999999522746
    ],
    "arm120": [
        0.11837209224689671,
        0.29963854388208944,
        0.48724978770837213,
        0.7657537602559916,
        1.1676220841568266,
        1.4036957978840203,
        2.1773013453733467,
        2.49999987545358
    ],
    "arm240": [
        0.14267351559655683,
        0.33502296868330994,
        1.0919406825572362,
        1.4112861392193432,
        1.8632494279130254,
        2.1051820829951766,
        2.3290455735651707,
        2.4986829430616777
    ],
    "condition_number": 4.363842077438133,
    "fov_degrees": 160.0,
    "frequency": 1575420000.0,
    "npix": 5056,
    "penalty": 1.1306482851433681,
    "radius": 2.5,
    "res_arcmin": 180.0,
    "spacing": 0.15,
    "x_opt": [
        1.2547559279506293,
        1.9205830983034022,
        0.6352506546812147,
        6.931224561255775,
        1.4499406925866387,
        -2.340727514571284,
        1.0857006191587235,
        1.603218553093105,
        1.4042359644985423,
        5.357829823137273,
        0.20769813503058193,
        -0.3682252074062493,
        2.221722860098613,
        1.1669159236886169,
        0.456105743985895,
        0.7584903033632707,
        1.4118696575254306,
        0.26116828348659593,
        2.135080534649731,
        2.4398532172878786,
        1.871683507107302,
        1.0907092243999386,
        -0.18722386493464974,
        3.5039246443031127
    ]
}