{
    "N": 24,
    "arm_degrees": [
        0.0,
        72.0,
        144.0,
        216.0,
        288.0
    ],
    "arms": [
        [
            0.23721628095014635,
            1.204855484462545,
            1.718354044498187,
            1.9206250235168274,
            2.1999999999690893
        ],
        [
            0.2550232176548577,
            0.6235276297635586,
            0.9158054068308639,
            1.596871604988369,
            1.8022764685801813
        ],
        [
            0.6585144976713564,
            0.8534211687848812,
            1.3448531884519441,
            1.7161972731373276,
            2.1999999976655955
        ],
        [
            0.25067452657658307,
            0.5441572099994725,
            1.2519017131034247,
            1.4653842005329811,
            1.871682011294213
        ],
        [
            0.5729826368976032,
            1.0418361459880408,
            1.251873732214157,
            2.1999999997852666
        ]
    ],
    "condition_number": 1.9844340554153668,
    "entropy": 15.9088906299517,
    "fov_degrees": 170.0,
    "frequency": 1575420000.0,
    "npix": 2200,
    "num_arms": 5,
    "penalty": 0.05853362456008406,
    "radius": 2.2,
    "radius_min": 0.15,
    "res_arcmin": 180.0,
    "spacing": 0.15,
    "x_opt": [
        1.7371390245007063,
        1.2052211225597755,
        0.029236036875634096,
        1.977439499757964,
        6.718095695498695,
        0.9117442470462389,
        1.6067856185154876,
        0.07600632374627574,
        1.8316732307733663,
        0.6039335425902906,
        1.3471508313712457,
        1.7347694182719386,
        0.6422260388405979,
        0.847639864743114,
        5.853214213822608,
        0.06518902073868646,
        0.5142033400292069,
        1.2528520949829278,
        1.4702579117555843,
        1.9147054698738402,
        1.0401274682971222,
        6.330437226993387,
        0.5473362641408711,
        1.2528237538289868
    ]
}